"Redirect from","Redirect to"
"/ayasa-players","/pages/artists"
"/malte-marten","/pages/malte-marten"
"/adrian-j-portia","/pages/adrian-j-portia"
"/alessio-de-simone","/pages/alessio-de-simone"
"/alexander-mercks","/pages/alexander-mercks"
"/alexandre-lora","/pages/alexandre-lora"
"/angus-lee","/pages/angus-lee"
"/benny-bettane","/pages/benny-bettane"
"/caisaman","/pages/caisaman"
"/dan-mulqueen","/pages/dan-mulqueen"
"/dani-galfione","/pages/dani-galfione"
"/dany-rud","/pages/dany-rud"
"/david-charrier","/pages/david-charrier"
"/david-kuckhermann","/pages/david-kuckhermann"
"/david-swarup","/pages/davide-swarup"
"/florian-betz","/pages/florian-betz"
"/gabriele-pollina","/pages/gabriele-pollina"
"/guitoti","/pages/guitoti"
"/jacob-cole","/pages/jacob-cole"
"/jeremy-nattagh","/pages/jeremy-nattagh"
"/johann-immanuel","/pages/johann-immanuel"
"/jonny-ong","/pages/jonny-ong"
"/changeofcolours-julia-baier","/pages/julia-baier"
"/2567-2","/pages/kate-stone"
"/kavafoglu","/pages/kavafoglu"
"/kim-boulard","/pages/kim-boulard"
"/konstantin-rossler","/pages/konstantin-rossler"
"/laurent-sureau","/pages/laurent-sureau"
"/lea-valentina","/pages/lea-valentina"
"/leander-greitemann","/pages/leander-greitemann"
"/louis-l","/pages/louis-l"
"/lukasz-dembinski","/pages/lukasz-dembinski"
"/marcel-hutter","/pages/marcel-hutter"
"/mark-dambrosio","/pages/mark-dambrosio"
"/nadishana","/pages/nadishana"
"/peter-levitov","/pages/peter-levitov"
"/philippe-gagne","/pages/philippe-gagne"
"/rishiraj-kulkarni","/pages/rishiraj-kulkarni"
"/rodrik","/pages/rodrik"
"/sam-maher","/pages/sam-maher"
"/simon-wood","/pages/simon-wood"
"/taylor-sol","/pages/taylor-sol"
"/tomek-torres","/pages/tomek-torres"
"/vasilis-vasiliou","/pages/vasilis-vasiliou"
"/warren-shanti","/pages/warren-shanti"
"/yatao","/pages/yatao"
